{
    "threshold": 0.2,
    "accuracy": 0.7687074829931972,
    "precision": 0.32941176470588235,
    "recall": 0.717948717948718,
    "f1_score": 0.45161290322580644,
    "confusion_matrix": [
        [
            198,
            57
        ],
        [
            11,
            28
        ]
    ],
    "classification_report": {
        "False": {
            "precision": 0.9473684210526315,
            "recall": 0.7764705882352941,
            "f1-score": 0.853448275862069,
            "support": 255.0
        },
        "True": {
            "precision": 0.32941176470588235,
            "recall": 0.717948717948718,
            "f1-score": 0.45161290322580644,
            "support": 39.0
        },
        "accuracy": 0.7687074829931972,
        "macro avg": {
            "precision": 0.638390092879257,
            "recall": 0.747209653092006,
            "f1-score": 0.6525305895439377,
            "support": 294.0
        },
        "weighted avg": {
            "precision": 0.8653945788841853,
            "recall": 0.7687074829931972,
            "f1-score": 0.8001435835735852,
            "support": 294.0
        }
    }
}